Title	Year	Director	ASL	RA	POV	INS	COUNTRY	ITITLE	BCU	CU	MCU	MS	MLS	LS	VLS
10 Things I Hate About You 	1999	Junger, Gil 	6.7	58	4	2	USA 	0	64	224	82	37	36	53	3
Adventures of Robin Hood, The 	1938	Curtiz, M. & Keighley, W. 	5	0	0	0	USA 	0	3	53	71	77	109	111	76
Affairs of Anatole, The 	1921	DeMille, Cecil B. 	8	23	16	9	USA 	159	33	26	89	141	136	70	5
Alexander Nevsky 	1938	Eisenstein, Sergei 	7	0	0	0	RUS 	7	1	61	100	58	76	186	23
Alley Cat 	1929	Steinhoff, Hans 	6	10	0	0	BRI 	148	17	68	84	82	101	142	5
Almost Perfect Affair, An 	1979	Michael Ritchie 	4.2	64	12	7	USA 		70	199	93	51	26	51	9
American Tragedy, An 	1931	Sternberg, Josef von 	13	0	0	0	USA 	0	27	75	75	95	98	108	20
Amityville Horror, The 	1979	Stuart Rosenberg 	5.5	33	7	18	USA 		138	141	50	34	41	90	6
Angela's Ashes 	1999	Parker, Alan 	3.9	31	4	10	USA 	0	52	152	72	60	68	88	4
Angst 	1928	Steinhoff, Hans 	5.5	16	11	11	GER 	181	38	91	71	82	93	118	8
Annelie 	1941	Baky, Josef von 	12	32	8	8	GER 	0	24	78	85	95	124	87	6
Annie Hall 	1977	Allen, Woody 	14.4	43	9	6	USA 		7	166	69	105	55	93	7
Another Thin Man 	1939	Van Dyke, W.S. 	7.7	37	7	4	USA 		20	137	99	93	84	64	3
Appel du Sang, L' 	1919	Mercanton, Louis 	7.6	10	12	8	FRA 	102	27	7	21	57	168	204	13
Arlésienne, l' 	1922	Antoine, André 	6.2	7	4	4	FRA 	187	6	39	59	42	84	247	22
Arsenal Stadium Mystery, The 	1939	Dickinson, Thorold 	6.4	17	12	10	BRI 		25	77	102	96	77	106	17
At the Circus 	1939	Bussell, Edward 	7.6	16	6	6	USA 		13	31	63	98	119	166	10
Atlantide, L' 	1921	Feyder, Jacques 	8	0	0	0	FRA 	204	3	35	43	134	131	111	45
Atre, l' 	1923	Boudrioz, Robert 	4.8	24	18	8	FRA 	70	11	25	64	81	104	179	35
Avenging Conscience, The 	1914	Griffith, D.W. 	7.5	0	0	7	USA 	66	36	16	18	80	121	215	14
Aventure Malgache 	1944	Hitchcock, Alfred 	22	14	2	7	BRI 	0	25	6	74	142	142	111	0
Back Street 	1941	Stevenson, Robert 	8	0	0	0	USA 	0	42	124	99	89	69	59	19
Barberousse 	1916	Gance, Abel 	13.5	18	16	11	FRA 	48	39	43	54	109	118	118	22
Baywatch 	1994		3.4	36	11	0	USA 	0	33	142	69	66	77	104	9
Beetle Juice 	1984	Burton, Tim 	4.2	44	10	11	USA 	0	44	166	106	50	66	55	12
Behemoth, The Sea Monster 	1959	Lourié, Eugene 	5.6	25	12	19	USA 		45	108	52	45	65	141	44
Belle Nivernaise, la 	1924	Epstein, Jean 	5.2	18	9	16	FRA 	37	57	91	43	67	62	147	33
Bergkatze, Die 	1921	Lubitsch, Ernst 	10	0	0	0	GER 	97	4	22	22	59	99	261	32
Best of Everything, The 	1959	Negulesco, Jean 	11.3	35	5	5	USA 		25	137	103	69	116	43	7
Beyond a Reasonable Doubt 	1956	Lang, Fritz 	16.5	0	0	0	USA 	0	32	47	117	140	102	57	5
Big Broadcast of 1937, The 	1936	Leisen, Mitchell 	11	0	0	0	USA 	0	25	42	63	113	115	98	45
Bill, The  (Mix and Match) 	1994		5.2	53	9	0	BRI 	0	38	207	100	56	45	50	4
Bill, The (Dealer Wins) 	1994		4.3	66	0	0	BRI 	0	72	250	113	34	20	2	0
Birds, The 	1963	Hitchcock, Alfred 	5.3	46	23	15	USA 	0	59	127	111	69	57	58	19
Birth of a Nation 	1915	Griffith, D.W. 	7	0	0	0	USA 	177	1	19	26	78	126	172	79
Black Stallion, The 	1979	Carroll Ballard 	4.9	27	14	30	USA 		85	111	66	47	46	128	17
Blackmail (Silent version) 	1929	Hitchcock, Alfred 	6	19	18	15	BRI 	119	39	49	67	85	137	113	10
Blackmail (Sound version) 	1929	Hitchcock, Alfred 	11	22	22	18	BRI 	0	42	41	87	74	112	128	16
Blair Witch Project, The 	1999	Myrick, D & Sanchez, E. 	15.8	1	2	44	USA 	0	96	74	70	93	88	79	0
Blind Alley 	1939	Vidor, Charles 	10.1	41	7	4	USA 		26	107	79	111	111	63	2
Blonde Venus 	1932	Sternberg, Josef von 	10.5	28	0	0	USA 	0	40	139	79	84	80	52	23
Blood Ship, The 	1927	Seitz, George B. 	5.5	15	6	3	USA 	90	6	65	108	91	82	136	11
Bon Voyage 	1944	Hitchcock, Alfred 	14	40	4	5	BRI 	0	9	90	113	156	75	56	0
Boudu sauvé des Eaux 	1932	Renoir, Jean 	15	0	0	0	FRA 	0	1	57	60	109	138	101	32
Bringing Up Baby 	1938	Hawks, Howard 	8	31	6	7	USA 		0	29	74	118	128	147	4
Broadway Danny Rose 	1984	Allen, Woody 	15	44	6	4	USA 		33	118	81	73	73	111	11
Brokedown Palace 	1999	Kaplan, Jonathan 	5.8	50	6	6	USA 	0	32	171	106	61	63	64	3
Broken Blossoms 	1919	Griffith, D.W. 	8.5	0	0	4	USA 	93	7	53	76	93	50	170	54
Bronenosets Potyomkin 	1925	Eisenstein, Sergei 	3	0	0	0	RUS 	88	32	75	67	69	71	160	26
Brookside (JS) 	2000	Summers, Jeremy 	4	66	3	1	BRI 	0	134	234	47	43	33	9	0
Brookside (TH) 	2000	Holloway, Tim 	6.8	68	8	2	BRI 	0	83	220	129	43	18	7	0
Bullets or Ballots 	1936	Keighley, William 	8	32	0	0	USA 	0	15	62	136	107	101	65	13
Cape Forlorn 	1930	Dupont, E.A. 	11.5	24	8	17	BRI 	0	28	28	78	117	119	114	70
Casanova 	1927	Volkoff, Alexandre 	6.5	21	14	13	FRA 	175	14	81	68	57	65	157	59
Cat and the Canary, The 	1939	Nugent Elliott 	11.3	29	11	8	USA 		20	43	99	115	127	95	1
Catherine the Great 	1934	Czinner, Paul 	8.5	0	0	0	BRI 	0	0	29	111	135	61	105	59
Caught 	1949	Ophuls, Max 	17	21	0	0	USA 	0	38	18	71	156	88	111	22
Champ, The 	1979	Franco Zeffirelli 	7.2	48	10	5	USA 		54	195	70	46	47	80	8
Champagne 	1928	Hitchcock, Alfred 	7	30	22	8	BRI 	73	37	65	78	90	116	108	5
Cheat, The 	1915	De Mille, Cecil B. 	12	0	0	3	USA 	63	13	32	97	173	122	34	8
Chienne, La 	1931	Renoir, Jean 	19	0	0	0	FRA 	0	10	95	45	139	71	106	36
Cloak and Dagger 	1946	Lang, Fritz 	9.5	0	0	0	USA 	0	12	50	83	150	86	102	17
Coeur fid?le 	1923	Epstein, Jean 	5.7	14	7	26	FRA 	0	109	60	49	70	68	123	21
Compulsion 	1959	Fleischer, Richard 	9.9	63	4	2	USA 		25	227	84	41	77	46	0
Coronation Street (A) 	1994	Allison, Romey 	5.6	67	1	0	BRI 	0	81	254	92	43	22	7	1
Coronation Street (P) 	1994	Penn, David 	9.8	49	0	0	BRI 	0	25	176	187	82	27	2	0
Crazy in Alabama 	1999	Banderas, Antonio 	5.4	45	8	8	USA 	0	37	219	106	46	43	47	3
Crime Unlimited 	1935	Ince, Ralph 	10	22	10	8	BRI 	0	28	97	85	99	78	103	9
Cuba 	1979	Richard Lester 	4.9	25	5	3	USA 		56	107	60	58	60	133	13
Dallas - A Family Divided 	1980	Moore, Irving J. 	5.8	66	4	4	USA 	0	96	260	50	35	37	10	11
Dallas - Barb-B-Que 	1978	Day, Robert 	6.4	57	3	1	USA 	0	56	200	105	69	43	27	1
Dallas - Who Done It? 	1980	Katzman, Leonard 	6	70	2	2	USA 	0	54	322	50	28	20	21	4
Dämonit 	1914		19.4	0	0	10		38	11	16	11	16	239	208	0
Darby O'Gill and the Little People 	1959	Stevenson, Robert 	4.4	60	10	6	USA 		26	174	68	72	70	80	9
Dark City 	1998	Proyas, Alex 	2	26	7	14	USA 	0	153	112	44	39	42	97	12
David Harum 	1915	Dwan, Allan 	20	0	0	3	USA 	47	12	3	3	9	318	153	3
Dawn Patrol, The 	1930	Hawks, Howard 	7.2	0	0	0	USA 	0	0	25	134	107	45	96	96
Dawn Patrol, The 	1938	Goulding, Edmund 	8	0	0	0	USA 	0	4	101	118	82	45	53	97
De Mayerling ? Sarajevo 	1940	Ophuls, Max 	9	0	0	0	FRA 	0	29	39	74	134	65	111	48
Deep Blue Sea 	1999	Harlin, Renny 	2.6	24	10	23	USA 	0	140	106	56	46	51	94	9
Destry Rides Again 	1939	Marshall, George 	9.1	34	7	1	USA 		23	72	79	106	121	94	5
Detroit Rock City 	1999	Rifkin, Adam 	2.2	25	5	11	USA 	0	69	164	63	53	66	79	5
Devil is a Woman, The 	1935	Sternberg, Josef von 	13	29	0	0	USA 	0	28	117	83	96	76	73	27
Dial M for Murder 	1954	Hitchcock, Alfred 	9.3	44	12	7	USA 	0	15	69	98	141	141	37	0
Dishonored 	1931	Sternberg, Josef von 	7.5	0	0	0	USA 	0	17	104	93	116	94	66	10
Docks of New York 	1928	Sternberg, Josef von 	6.5	20	0	5	USA 	166	5	63	129	114	94	83	12
Dodge City 	1939	Curtiz, Michael 	6	0	0	0	USA 	0	5	47	80	94	115	102	58
Don't Get Me Wrong 	1937	Woods, A. & Purdell, R. 	10.5	25	10	18	BRI 	0	10	26	94	68	137	109	56
Downhill 	1927	Hitchcock, Alfred 	7	25	13	12	BRI 	62	36	25	89	93	98	154	5
Dr. Mabuse der Spieler (1) 	1922	Lang, Fritz 	8	0	0	0	GER 	188	32	59	68	68	124	143	6
Dr. Mabuse der Spieler (2) 	1922	Lang, Fritz 	9	0	0	0	GER 	158	9	28	40	48	132	233	11
Dracula 	1979	John Badham 	5	40	8	15	USA 		105	118	90	62	52	62	11
Dreyfus 	1931	Rosmer, M. & Kraemer, F. 	16	16	0	6	BRI 	0	9	9	34	70	134	233	11
Driller Killer 	1979	Abel Ferrara 	6.6	31	15	19	USA 		154	122	77	61	48	34	3
Each Dawn I Die 	1939	Keighley, William 	7.9	27	8	6	USA 		27	165	86	61	70	88	1
Eagle, The 	1925	Brown, Clarence 	6	0	0	0	USA 	71	35	97	98	77	47	81	66
Eastenders (?) 	1994		5.7	40	2	0	BRI 	0	27	253	106	70	35	10	0
Eastenders (H) 	1994	Hays, Bill 	6.7	55	1	0	BRI 	0	76	268	32	49	63	12	0
Easy Virtue 	1928	Hitchcock, Alfred 	6	17	8	6	BRI 	85	25	61	96	65	97	140	14
EDtv 	1999	Howard, Ron 	5.5	31	8	12	USA 	0	48	159	105	66	69	51	2
ER - Day One 	1994	Leder, Mimi 	6.5	59	4	3	USA 	0	68	246	88	54	33	12	1
ER - Going Home 	1994	Tinker, Mark 	6.68	60	6	2	USA 	0	26	222	145	64	36	6	0
ER - Hit and Run 	1994	Leder, Mimi 	7.37	48	4	2	USA 	0	44	238	83	62	47	25	0
Erotikon 	1920	Stiller, Mauritz 	7	0	0	0	SWE 	103	13	3	26	76	228	137	16
Exile, The 	1948	Ophuls, Max 	11.5	27	0	0	USA 	0	7	15	49	109	140	143	37
Farmer's Wife, The 	1928	Hitchcock, Alfred 	8	42	26	9	BRI 	112	10	42	97	86	115	145	6
Fasching 	1939	Schweikart, Hans 	14	24	16	13	GER 	0	13	38	72	103	123	118	32
Five Pennies, The 	1959	Shavelson, Melville 	15.9	34	7	7	USA 		23	47	99	106	132	90	4
Flesh and the Devil 	1926	Brown, Clarence 	7	0	0	4	USA 	193	14	100	115	81	68	69	53
Fool's Gold 	1920	Trimble, Larry 	6.5	10	8	3	USA 	120	10	10	38	76	115	233	18
Foreign Correspondent 	1940	Hitchcock, Alfred 	7	33	20	11	USA 	0	22	126	103	79	84	77	9
Forstadsprasten 	1917	Klercker, George af 	15	7	5	3	SWE 	64	16	21	40	45	115	256	5
Four Skulls of Jonathan Drake, The 	1959	Cahn, Edward L. 	7.7	23	18	14	USA 		96	129	92	99	53	31	0
Fräulein Else 	1929	Czinner, Paul 	9	0	0	0	GER 	57	28	48	63	104	97	134	22
French Postcards 	1979	Willard Huyck 	6.7	50	7	3	USA 		22	155	114	72	55	77	5
Frisco Kid, The 	1979	Robert Aldrich 	5.1	44	8	7	USA 		81	130	80	53	56	87	13
Front Page, The 	1931	Milestone, Lewis 	12.5	26	0	0	USA 	0	25	52	115	107	142	48	11
Fuoco, Il 	1916	Pastrone, Giovanni 	18	0	0	0	ITA 	37	28	31	31	76	190	110	35
Fury 	1936	Lang, Fritz 	10	0	0	0	USA 	0	15	65	74	116	120	101	9
Gaslight 	1940	Dickinson, Thorold 	10.5	30	8	9	BRI 	0	25	83	120	105	97	70	0
Geheimnis von Chateau Richmond, der 	1914		26.5	0	0	2	GER 	25	11	11	17	11	219	214	17
Gentlemen of the Press 	1929	Webb, Millard 	15	17	6	6	USA 	0	29	41	86	76	154	115	0
Gidget 	1959	Wendkos, Paul 	11.7	34	8	3	USA 		28	118	76	90	83	103	4
Girl in the Taxi, The 	1922	Ingraham, Lloyd 	4.5	9	4	2	USA 	224	12	12	23	63	187	201	2
Glamour Girl 	1948	Dreifuss 	14	36	10	3	USA 	0	0	51	84	94	147	120	3
Go Johnny, Go! 	1959	Landres, Paul 	8.2	35	25	4	USA 		6	95	84	112	116	84	3
Golden Chance, The 	1915	DeMille, Cecil B. 	15	6	3	3	USA 	87	19	47	81	143	165	45	0
Goose Woman, The 	1925	Brown, Clarence 	6	28	0	8	USA 	136	28	82	102	126	60	77	27
Great Expectations 	1946	Lean, David 	9.3	45	11	6	BRI 	0	13	80	109	95	96	105	1
Great Santini, The 	1979	Lewis John Carlino 	5.4	50	11	6	USA 		19	149	82	70	68	91	22
H.O.T.S. 	1979	Gerald Seth Sindell 	5.3	28	8	12	USA 		17	78	99	101	85	110	9
Hangmen Also Die 	1943	Lang, Fritz 	10.5	0	0	0	USA 	0	21	39	79	95	129	132	5
Harlem Rides the Range 	1939	Kahn, Richard C. 	7.3	15	14	6	USA 		16	53	33	83	67	230	18
Haus am Meer, Das 	1923	Kaufman, Fritz 	7.5	7	3	6	GER 	90	2	54	58	55	138	163	30
Havsgamar 	1915	Sjöström, Victor 	14	0	0	0	SWE 	46	0	0	0	13	150	320	13
Heart of Texas Ryan, The 	1917	Martin, E.A. 	9.5	8	5	3	USA 	103	6	15	15	34	156	238	36
Heller in Pink Tights 	1959	Cukor, George 	7.2	31	9	2	USA 		8	66	52	73	106	179	16
Heritage of the Desert 	1939	Selander, Lesley 	7.8	30	9	4	USA 		3	61	96	100	87	138	16
Herrscher, Der 	1937	Harlan, Veit 	0	0	0	0	GER 	0	5	37	113	104	182	49	10
High Command, The 	1937	Dickinson, Thorold 	6.5	24	9	15	BRI 	0	50	90	101	87	80	90	9
Hired Man, The 	1918	Schertzinger, Victor 	5.5	17	12	8	USA 	107	12	50	87	64	99	183	6
Hometown U.S.A. 	1979	Max Baer Jr. 	4.9	36	7	5	USA 		32	198	102	50	40	75	3
Homicide: Life on the Streets 	1994		11.5	34	4	8	USA 	0	63	176	138	63	19	30	13
Homicide: Life on the Streets 	1994		11.5	34	4	8	USA 	0	63	176	138	63	19	30	13
Human Desire 	1954	Lang, Fritz 	9.5	0	0	0	USA 	0	6	81	71	111	112	97	22
Hungry Hearts 	1922	Hopper, E. Mason 	6	19	9	4	USA 	175	13	43	84	67	180	107	5
I Confess 	1952	Hitchcock, Alfred 	7.5	49	14	4	USA 	0	32	108	82	81	77	101	20
Ich bei Tag und Du bei Nacht 	1932	Berger, Ludwig 	13	0	0	0	GER 	0	16	39	94	145	106	72	24
In Old Caliente 	1939	Kane, Joseph 	6.2	15	4	2	USA 		2	36	65	77	92	208	20
Indische Grabmal, Das 	1958	Lang, Fritz 	9	0	0	0	GER 	0	9	59	54	63	101	205	10
Inondation, l' 	1924	Delluc, Louis 	7.1	3	0	20	FRA 	104	29	33	17	67	96	220	38
Insider, The 	1999	Mann, Michael 	5.4	33	6	6	USA 	0	167	134	79	48	40	31	1
Interiors 	1978	Allen, Woody 	12	43	7	8	USA 		60	165	125	67	19	56	8
Invisible Killer, The 	1939	Newfield, Sam 	8.2	21	7	6	USA 		15	69	93	119	126	74	4
Iron Horse, The 	1924	Ford, John 	5.5	0	0	3	USA 	224	4	29	59	50	102	122	134
It 	1927	Badger, Clarence 	4	0	0	2	USA 	180	17	120	108	75	100	80	3
Italian, The 	1915	Barker, Reginald 	10	0	0	3	USA 	50	12	22	33	82	167	171	13
It's In the Bag 	1936	Beaudine, William 	11.5	15	7	4	BRI 	0	4	1	52	71	152	228	1
Ivan Grozny I 	1946	Eisenstein, Sergei 	7.5	4	0	0	RUS 	0	41	131	89	50	57	116	14
Ivanhoe 	1913	Brenon, Herbert 	11.9	2	0	0	USA 	29	0	7	9	30	150	261	43
Jakob the Liar 	1999	Kassovitz, Peter 	5.7	37	10	4	USA 	0	32	154	76	65	81	88	1
Jamaica Inn 	1939	Hitchcock, Alfred 	7	18	10	7	BRI 	0	15	85	71	92	88	135	18
Jet Pilot 	1957	Sternberg, Josef von 	6.5	0	0	0	USA 	0	14	127	70	86	71	41	91
Jim la Houlette 	1926	Lion, Roger 	6	19	8	10	FRA 	121	14	26	69	72	125	177	18
Jubilo 	1919	Badger, Clarence 	5.5	0	0	2	USA 	163	4	58	80	85	156	94	8
Jugend 	1938	Harlan, Veit 	15	39	0	0	GER 	0	3	79	82	101	116	114	5
Juno and the Paycock 	1930	Hitchcock, Alfred 	25.5	15	13	9	BRI 	0	9	30	53	84	164	159	0
Kameradschaft 	1931	Pabst, G.W. 	11	0	0	0	GER 	7	9	32	42	82	125	204	6
Karleken Segrar 	1916	Klercker, George af 	18	18	21	8	SWE 	45	42	0	3	16	127	301	10
Kinder des Majors, die 	1914		23.5	0	0	0	GER 	36	0	0	0	7	384	109	0
King Frat 	1979	Ken Wiederhorn 	6.4	23	5	10	USA 		20	81	92	72	117	114	3
Koenigsmark 	1923	Perret, Léonce 	6	12	14	17	FRA 	135	13	46	33	51	83	217	58
Komedie om Geld 	1935	Ophuls, Max 	12	19	0	0	HOL 	0	25	36	69	99	81	127	61
Kongress tanzt, Der 	1931	Charell, Erik 	17	0	0	0	GER 	0	12	17	42	142	133	115	50
Kopf hoch, Johannes 	1941	Kowa, Viktor de 	10	24	11	5	GER 	0	15	50	61	76	104	156	38
Kriemhilds Rache 	1924	Lang, Fritz 	0	0	0	0	GER 	0	5	20	28	46	83	299	18
Lachende Erben 	1932	Ophuls, Max 	10	0	0	0	GER 	0	8	14	45	114	145	125	49
Lady Vanishes, The 	1939	Hitchcock, Alfred 	7.5	30	13	10	BRI 	0	24	72	117	114	103	59	11
Letter from an Unknown Woman 	1948	Ophuls, Max 	16	0	0	0	USA 	0	16	50	71	116	116	108	24
Liebe der Maria Bonde, die 	1918		14.5	0	0	0	GER 	55	0	3	7	54	289	143	3
Liebelei 	1932	Ophuls, Max 	17	0	0	0	GER 	0	10	18	53	112	136	126	42
Life 	1999	Demme, Ted 	4.5	55	6	2	USA 	0	9	138	129	81	69	72	2
Lifeboat 	1944	Hitchcock, Alfred 	7	53	19	11	USA 	0	21	122	114	106	80	38	19
Liliom 	1934	Lang, Fritz 	14.5	0	0	0	FRA 	0	13	34	54	134	139	118	8
Little Princess, The 	1939	Lang, Walter 	7.5	30	7	4	USA 		11	64	68	125	108	123	1
Lodger, The 	1927	Hitchcock, Alfred 	5.5	13	9	12	BRI 	93	29	94	74	78	106	119	0
Lola Mont?s 	1955	Ophuls, Max 	18	0	0	0	FRA 	0	1	20	55	114	108	135	61
Love Affair 	1939	McCarey, Leo 	11.3	47	4	8	USA 		22	173	56	71	78	82	17
Love Stinks 	1999	Franklin, Jeff 	4.6	49	7	6	USA 	0	58	197	116	52	44	32	1
Lucky Devils 	1933	Ince, Ralph 	7.2	25	8	8	USA 	0	16	59	48	73	112	145	46
Lukrezia Borgia 	1922	Oswald, Richard 	7	0	0	0	GER 	96	8	40	48	55	90	211	47
Lure of Gold, The 	1922	Hart, Neal 	5	18	15	8	USA 	124	13	21	65	62	123	181	35
M 	1931	Lang, Fritz 	12.5	0	0	0	GER 	0	30	29	42	101	118	161	17
Madame Bovary 	1949	Minnelli, Vincente 	15	0	0	0	USA 	0	18	15	56	130	131	114	31
Madame de ... 	1953	Ophuls, Max 	16	19	0	0	FRA 	0	4	22	71	120	161	88	29
Madame Dubarry 	1919	Lubitsch, Ernst 	8	0	0	0	GER 	157	2	29	38	60	192	162	16
Madeleine 			39	0	0	0	GER 	13		0	0	0	205	194	0
Maldone 	1928	Grémillon, Jean 	7.4	17	8	24	FRA 	61	62	25	78	51	73	166	44
Man of the Moment 	1935	Banks, Monty 	8.8	24	11	7	BRI 	0	8	43	103	78	124	132	12
Man on the Moon 	1999	Forman, Milos 	3.9	46	18	4	USA 	0	32	195	112	44	58	56	1
Man Who Knew Too Much, The 	1955	Hitchcock, Alfred 	7	45	15	14	USA 	0	15	59	115	96	81	111	23
Man Who Knew Too Much, The (1935) 	1935	Hitchcock, Alfred 	7.5	22	16	13	BRI 	0	35	48	90	102	103	109	13
Manhattan 	1979	Woody Allen 	18.1	42	1	22	USA 		39	163	66	49	34	120	28
Manpower 	1941	Walsh, Raoul 	7	0	0	0	USA 	0	13	48	101	109	106	84	39
Manslaughter 	1922	De Mille, Cecil B. 	8.5	0	20	7	USA 	144	25	14	47	135	149	124	7
Mantrap 	1926	Fleming, Victor 	4.5	22	0	3	USA 	149	11	72	66	158	91	64	39
Manxman, The 	1928	Hitchcock, Alfred 	6	31	28	7	BRI 	111	21	79	66	77	117	123	16
Marriage Circle, The 	1924	Lubitsch, Ernst 	6.5	28	0	8	USA 	82	21	29	109	125	144	77	1
Mating Habits of Earthbound Humans 	1999		5.6	35	6	9	USA 	0	56	160	94	88	66	33	3
Melrose Place 	1999		4	70	3	5	USA 	0	105	244	63	38	22	23	4
Men of America 	1932	Ince, Ralph 	6.8	29	11	9	USA 	0	14	50	69	79	118	152	82
Men of Two Worlds 	1946	Dickinson, Thorold 	9.4	24	4	9	BRI 	0	28	100	81	99	85	97	9
Meteor 	1979	Ronald Neame 	5.7	29	12	34	USA 		34	68	62	79	53	107	97
Metropolis 	1926	Lang, Fritz 	5.5	0	0	0	GER 	125	4	49	61	73	71	196	45
Mexicali Rose 	1930	Kenton, Erle C. 	7.2	22	8	8	USA 	0	0	45	82	101	110	136	26
Michel Strogoff 	1926	Tourjansky, Victor 	4.6	15	8	10	FRA 	182	6	59	64	66	73	187	45
Million, Le 	1931	Clair, René 	13	0	0	0	FRA 	0	6	20	15	86	160	139	47
Ministry of Fear, The 	1945	Lang, Fritz 	10	0	0	0	USA 	0	13	56	69	108	108	134	12
Minus Man, The 	1999	Fancher, Hampton 	5.5	50	10	15	USA 	0	125	177	66	47	46	39	0
Miracle des loups, le 	1924	Bernard, Raymond 	5.5	15	12	17	FRA 	141	6	30	48	77	67	202	70
Morocco 	1930	Sternberg, Josef von 	11	0	0	0	USA 	0	15	72	91	101	91	110	21
Moulin Rouge 	1928	Dupont, E.A. 	4.9	27	8	14	BRI 	80	52	118	113	58	58	83	18
Mr. Satan 	1937	Woods, Arthur 	8	36	0	16	BRI 	0	27	78	94	104	93	76	28
Mr. Smith Goes to Washington 	1939	Capra, Frank 	5.9	32	5	9	USA 		28	69	124	105	75	87	13
Müde Tod, Der 	1921	Lang, Fritz 	7.5	0	0	0	GER 	161	19	50	45	39	112	216	19
Murder 	1931	Hitchcock, Alfred 	14	21	8	13	BRI 	0	33	69	89	74	92	138	5
My Best Girl 	1927	Taylor, Sam 	5	33	10	6	USA 	127	17	43	97	122	107	112	1
Mystery of Mr. Wong, The 	1939	Nigh, William 	13.3	27	10	8	USA 		19	25	68	95	194	92	8
Nancy Drew… Reporter 	1939	Clemens, Wiliam 	6.6	42	10	4	USA 		7	107	116	98	87	81	5
Neighbours 	1999	Osicka, Tony 	5.7	59	1	3	AUS 	0	193	170	71	41	10	8	7
N?ne 	1924	Baroncelli, Jacques de 	4.1	12	6	5	FRA 	116	9	57	68	77	113	166	11
Never So Few 	1959	Sturges, John 	8.2	42	7	5	USA 		3	95	82	88	109	106	17
New York Idea, The 	1920	Blaché, Herbert 	6	7	5	4	USA 	117	8	32	45	103	113	197	3
Next of Kin, The 	1942	Dickinson, Thorold 	7	22	4	17	BRI 		28	92	84	72	85	113	27
Nicholas Nickelby 	1947	Cavalcanti, Alberto 	10.1	18	3	6	BRI 	0	19	80	77	92	136	94	1
North by North-West 	1959	Hitchcock, Alfred 	6.3	53	24	9	USA 	0	12	89	98	98	79	101	33
Notorious 	1947	Hitchcock, Alfred 	8.5	49	23	13	USA 	0	72	119	88	74	74	66	8
Number Seventeen 	1932	Hitchcock, Alfred 	5.5	17	11	19	BRI 	0	42	58	51	90	103	126	29
Nun's Story, The 	1959	Zinneman, Fred 	8.6	44	7	7	USA 		94	106	71	71	61	93	5
NYPD Blue 	1994		4.7	48	1	2	USA 	0	6	335	91	42	17	6	3
Odds Against Tomorrow 	1959	Wise, Robert 	7.3	45	7	12	USA 		17	111	105	69	73	102	23
Of Human Bondage 	1934	Cromwell, John 	6.9	41	13	11	USA 	0	58	124	157	58	70	32	2
Old Maid, The 	1939	Goulding Edmund 	11.3	43	4	5	USA 		13	140	118	99	83	47	0
Old Wives For New 	1918	De Mille, Cecil B. 	8.2	12	12	12	USA 	94	40	39	61	118	142	96	4
On the Beach 	1959	Kramer, Stanley 	18.4	27	14	14	USA 		38	139	81	70	41	91	41
Only Angels Have Wings 	1939	Hawks, Howard 	9	0	0	0	USA 	0	6	34	109	166	86	34	65
Pacific Inferno 	1979	Rolf Bayer 	5.1	15	3	14	USA 		21	79	63	71	90	149	28
Paradine Case, The 	1947	Hitchcock, Alfred 	7.5	50	11	5	USA 	0	23	140	89	116	57	66	7
Partie de Campagne 	1936	Renoir, Jean 	14	0	0	0	FRA 	0	5	73	68	107	102	78	68
P?cheur d'Islande 	1924	Baroncelli, Jacques de 	5.5	12	12	15	FRA 	111	31	54	49	43	76	198	49
Perfect Crime, The 	1937	Ince, Ralph 	9.5	22	10	7	BRI 	0	29	107	92	77	94	98	3
Pierrot/Pierette 	1924	Feuillade, Louis 	4.7	16	14	7	FRA 	73	0	33	75	97	125	150	19
Pillow Talk 	1959	Gordon, Michael 	9.5	35	7	9	USA 		8	162	109	82	87	44	7
Plaisir, Le 	1952	Ophuls, Max 	21	0	0	0	FRA 	0	0	7	46	87	120	153	87
Pleasure Garden, The 	1925	Hitchcock, Alfred 	6	14	10	7	BRI 	94	13	47	66	98	104	153	18
Purple Rose of Cairo, The 	1985	Allen, Woody 	11.4	54	7	4	USA 		42	146	96	69	53	94	2
Queen of Spades, The 	1948	Dickinson, Thorold 	10.3	34	10	16	BRI 	0	64	112	96	88	77	61	2
Rat, The 	1925	Cutts, Graham 	7	25	0	0	BRI 	131	12	37	113	134	103	94	6
Rear Window 	1954	Hitchcock, Alfred 	8.3	68	50	6	USA 	0	17	75	113	74	72	121	29
Rebecca 	1940	Hitchcock, Alfred 	9	39	13	10	USA 	0	18	100	111	96	83	78	12
Reckless Moment, The 	1949	Ophuls, Max 	15.5	0	0	0	USA 	0	22	37	76	118	86	113	49
R?gle du jeu, La 	1939	Renoir, Jean 	18	23	0	0	FRA 	0	16	72	37	78	121	166	10
Rich and Strange 	1932	Hitchcock, Alfred 	7	25	21	25	BRI 	20	24	75	75	75	88	131	33
Ride Lonesome 	1959	Boetticher, Bud 	7.8	57	16	3	USA 		25	137	103	69	116	43	7
Ring, The 	1928	Hitchcock, Alfred 	6.5	24	13	12	BRI 	63	41	65	90	89	98	112	6
Roma - Citta apperta 	1946	Rossellini, Roberto 	8.9	40	9	1	ITA 	0	4	56	87	111	132	102	7
Ronde, La 	1950	Ophuls, Max 	18	0	0	0	FRA 	0	5	66	41	163	127	71	25
Rope 	1948	Hitchcock, Alfred 	1000	0	0	5	USA 	0	5	56	126	144	116	55	2
Rose of Washington Square 	1939	Ratoff, Gregory 	10.8	32	9	4	USA 		28	82	78	88	91	121	12
Rose, The 	1979	Mark Rydell 	7.5	41	7	4	USA 		58	152	78	55	68	83	5
Rund um eine Million 	1933	Neufeld, Max 	18	14	5	13	GER 	0	10	16	55	126	155	118	26
Sabotage 	1937	Hitchcock, Alfred 	7.5	31	19	18	BRI 	0	63	87	104	96	64	79	8
Saboteur 	1942	Hitchcock, Alfred 	7	35	22	12	USA 	0	29	90	74	74	90	114	28
Sailor be Good 	1933	Cruze, James 	13.5	25	15	8	USA 	0	13	61	63	103	150	89	22
Saint Strikes Back, The 	1939	Farrow, John  	8.4	27	7	9	USA 		55	135	90	66	107	32	15
Samson und Delila 	1922	Korda, Alexander 	5.7	11	4	1	OST 	184	3	23	68	45	101	195	65
Sans lendemain 	1939	Ophuls, Max 	8	0	0	0	FRA 	0	20	69	86	124	90	85	26
Scarlet Empress, The 	1934	Sternberg, Josef von 	10	0	0	0	USA 	14	45	101	74	66	91	89	35
Scherben 	1921	Pick, Lupu 	16	0	0	0	GER 	6	60	9	55	90	104	159	23
Schwarze Kugel, die 	1913	Hofer, Franz 	16	0	0	16	GER 	27	25	17	51	85	123	191	8
Secret Agent, The 	1936	Hitchcock, Alfred 	7.5	29	14	17	BRI 	0	43	94	105	93	79	73	14
Secret Beyond the Door, The 	1948	Lang, Fritz 	10.5	0	0	0	USA 	0	15	24	85	132	118	119	6
Secret People 	1951	Dickinson, Thorold 	9	32	9	12	BRI 	0	38	129	81	83	72	90	6
Sergeant Madden 	1939	Sternberg, Josef von 	9	19	0	0	USA 	0	46	129	89	91	72	59	14
Shadow of a Doubt 	1943	Hitchcock, Alfred 	9	37	11	8	USA 	0	24	101	107	83	100	78	8
Shadows 	1959	Cassavetes, John 	7.1	31	1	1	USA 		122	182	78	50	46	22	0
Shanghai Express 	1932	Sternberg, Josef von 	9.5	0	0	0	USA 	0	21	103	88	97	112	68	11
Siegfried 	1924	Lang, Fritz 	7.5	0	0	0	GER 	107	7	31	34	38	84	280	26
Signora di tutti, La 	1934	Ophuls, Max 	13	0	0	0	ITA 	0	65	40	81	110	84	80	40
Signora senza camelie, La 	1953	Antonioni, Michelangelo 	61	0	0	0	ITA 	0	0	15	40	135	195	120	45
Silence of the Lambs, The 	1990	Demme, Jonathan 	6.4	41	13	15	USA 	0	215	115	51	45	30	32	11
Sin of Martha Queed, The 	1921	Dwan, Allan 	9.5	0	0	6	USA 	133	9	36	75	108	122	94	57
Sixth Sense, The 	1999	Shyamalam, M. Night 	8.6	57	21	15	USA 	0	91	135	93	59	59	60	2
Skin Game, The 	1931	Hitchcock, Alfred 	18	9	7	12	BRI 	0	28	78	50	60	136	125	22
SLC Punk! 	1999	Merendino, James 	4.2	38	3	7	USA 	0	64	159	107	61	51	49	9
Small Back Room, The 	1948	Powell, M. & Pressburger, 	8.9	31	6	9	BRI 	0	80	173	68	60	56	61	1
Smouldering Fires 	1925	Brown, Clarence 	7	24	0	9	USA 	121	32	61	36	161	99	78	33
Snow Falling on Cedars 	1999	Hicks, Scott 	5.3	23	6	13	USA 	0	196	128	45	30	33	62	5
So, You Won't Talk 	1935	Beaudine, William 	11	24	16	5	BRI 	0	11	22	88	118	107	154	0
Some Like it Hot 	1959	Wilder, Billy 	12	49	7	3	USA 		3	86	127	104	86	91	3
Son of the Sheik, The 	1926	Fitzmaurice, George 	4.5	0	0	2	USA 	92	21	80	98	76	36	145	44
Spinnen, Die (1) 	1919	Lang, Fritz 	7.5	6	0	0	GER 	98	5	36	45	64	98	227	27
Spinnen, Die (2) 	1920	Lang, Fritz 	10	9	0	0	GER 	105	28	66	34	47	161	148	15
Spione 	1928	Lang, Fritz 	6	0	0	0	GER 	114	31	45	74	107	123	113	7
Spione am Werk 	1932	Lamprecht, Gerhard 	7.8	18	11	27	GER 	0	12	12	26	40	115	195	89
Spoilers, The 	1914	Campbell, Colin 	13.5	0	0	3	USA 	161	5	9	12	54	295	118	5
Stage Fright 	1950	Hitchcock, Alfred 	10	51	19	6	BRI 	0	24	129	131	70	64	76	6
Stardust Memories 	1980	Allen, Woody 	16.2	26	14	7	USA 		103	131	61	47	44	83	31
Startrek 	1994		4.6	40	1	1	USA 	0	46	274	53	39	60	28	1
Stella Dallas 	1925	King, Henry 	3	18	0	5	USA 	149	22	57	110	109	70	103	29
Stella Maris 	1918	Neilan, Marshall 	8	0	0	8	USA 	117	11	48	26	87	177	119	9
Strangers on a Train 	1951	Hitchcock, Alfred 	6	51	18	9	USA 	0	44	116	114	59	65	87	16
Suddenly, Last Summer 	1959	Kazan, Elia 	8.9	41	3	3	USA 		25	99	128	116	88	44	1
Sühne, die 	1918	Hanus 	22	0	0	2	GER 	49	0	10	7	20	168	296	0
Sumpfblume, die 	1913	Larsen, Viggo 	27.5	0	0	5	GER 	41	6	28	0	11	176	279	0
Sun-Up 	1925	Goulding, Edmund 	7.5	14	0	7	USA 	125	5	37	71	151	101	126	7
Suspicion 	1942	Hitchcock, Alfred 	8.5	42	16	12	USA 	0	38	107	130	89	58	62	16
Talented Mr. Ripley, The 	1999	Minghella, Anthony 	5	45	6	6	USA 	0	85	196	64	45	51	56	3
Tausend Augen des Dr.Mabuse, Die 	1960	Lang, Fritz 	10.5	0	0	0	GER 	0	31	72	87	116	88	95	11
Tendre ennemie, La 	1936	Ophuls, Max 	11	0	0	0	FRA 	0	12	46	58	119	90	108	66
Testament des Dr. Mabuse, Das 	1933	Lang, Fritz 	12	0	0	0	GER 	0	33	26	38	80	138	164	21
Teufelskirche, die 	1919	Mierendorff, Hans 	12.6	0	0	3	GER 	67	3	8	78	114	158	125	14
They Drive By Night 	1939	Woods, Arthur 	10	28	10	4	BRI 	0	11	72	79	95	120	119	3
Third Man, The 	1949	Reed, Carol 	5.2	35	11	9	BRI 	0	21	141	97	64	55	119	3
Third Round, The 	1925	Morgan, Sidney 	6	5	2	4	BRI 	130	12	28	54	70	147	186	4
Thirty-Nine Steps, The 	1935	Hitchcock, Alfred 	9	32	22	12	BRI 	0	27	72	80	87	75	132	26
Thomas Graals Bästa Film 	1917	Stiller, Mauritz 	0	15	0	0	SWE 	69	11	36	40	159	166	80	8
Three to Tango 	1999	Santostefano, Damon 	3.7	61	5	6	USA 	0	83	189	102	42	47	31	6
Tiger Shark 	1932	Hawks, Howard 	6.5	0	0	0	USA 	0	14	69	112	83	104	94	24
Tiger von Eschnapur, Der 	1958	Lang, Fritz 	9	0	0	0	GER 	0	2	43	57	71	100	208	21
Tigre Reale 	1916	Pastrone, Giovanni 	13	0	0	0	ITA 	87	18	12	59	97	157	95	64
Tirol in Waffen 	1914	Froelich, Carl 	27.8	0	0	0	GER 	7	0	0	0	13	141	347	0
To Catch a Thief 	1955	Hitchcock, Alfred 	6.4	50	19	15	USA 	0	8	64	72	104	102	113	37
Toilers, The 	1928	Barker, Reginald 	7.2	7	5	8	USA 	109	15	29	79	91	143	134	9
Tol'able David 	1921	King, Henry 	5	24	0	4	USA 	125	3	33	63	100	97	147	58
Tourbillon de Paris, le 	1928	Duvivier, Julien 	6.8	19	7	14	FRA 	94	37	73	62	57	89	130	52
Tourist Trap 	1979	David Schmoeller 	5.4	47	15	22	USA 		69	130	98	78	48	76	2
Tower of London 	1939	Lee, Rowland V. 	6.6	19	2	4	USA 		21	76	70	93	91	142	8
Traffic in Souls 	1913	Tucker, George Loane 	8	0	0	2	USA 	95	5	0	4	31	346	114	0
Trenck 	1932	Paul, Heinz & Neubach, E. 	10.5	21	6	8	GER 	0	16	31	33	101	96	203	20
Trouble With Harry, The 	1956	Hitchcock, Alfred 	8.7	52	11	5	USA 	0	4	20	113	145	121	73	23
True Heart Susie 	1919	Griffith, D.W. 	6	0	0	5	USA 	143	11	37	84	102	76	164	26
Unbekannte Morgen, Das 	1923	Korda, Alexander 	6.5	15	6	3	OST 	116	8	55	66	64	112	174	21
Und das Licht erloscht 	1914	Bernhardt, Fritz 	25	0	0	8	GER 	37	0	7	0	7	239	171	75
Under the Greenwood Tree 	1929	Lachman, Harry 	15.3	17	12	8	BRI 	0	34	37	54	69	121	157	27
Underworld 	1927	Sternberg, Josef von 	5.5	0	0	6	USA 	127	58	90	89	97	61	81	24
Until They Get Me 	1917	Borzage, Frank 	7.5	0	0	2	USA 	94	2	113	87	77	75	86	38
Vagabond Queen, The 	1930	Bolvary, Geza von 	6	23	8	7	BRI 	114	16	27	55	88	113	193	8
Varieté 	1925	Dupont, E.A. 	9	19	0	0	GER 	38	41	76	78	88	60	96	59
Venus im Frack 	1927	Land, Robert 	6.5	14	5	4	GER 	165	4	46	73	77	152	145	3
Verboten! 	1959	Fuller, Samuel 	10.7	22	20	13	USA 		56	77	64	53	68	155	28
Verdun, visions d'histoire 	1928	Poirier, Léon 	6.4	8	15	28	FRA 	139	23	17	14	37	70	231	109
Verkaufte Braut, Die 	1932	Ophuls, Max 	8	0	0	0	GER 	0	6	21	61	103	105	113	53
Verliebte Firma, Die 	1931	Ophuls, Max 	10	0	0	0	GER 	0	8	28	51	132	86	148	46
Verlorene Schuh, der 	1923	Berger, Ludwig 	5	0	0	0	GER 	74	4	4	6	48	118	301	20
Vertige, le 	1926	L'Herbier, Marcel 	6	28	13	13	FRA 	73	28	70	84	80	57	161	20
Vertigo 	1958	Hitchcock, Alfred 	6.7	57	25	8	USA 	0	15	113	104	84	56	92	35
Victory 	1919	Tourneur, Maurice 	7.5	0	0	6	USA 	136	8	6	90	129	158	90	19
Violettes Impériales 	1924	Roussell, Henri 	7	10	0	0	FRA 	0	3	48	83	86	139	130	11
Waltzes from Vienna 	1934	Hitchcock, Alfred 	10	18	6	6	BRI 	0	19	49	42	79	126	186	0
Walzertraum, Ein 	1925	Berger, Ludwig 	6.5	0	0	0	GER 	158	9	48	89	112	124	125	2
Wandas Trick 			9	0	0	9	GER 	79	9	27	24	24	306	108	0
Wasser für Canitoga 	1939	Selpin, Herbert 	13.5	0	0	0	GER 	0	8	35	102	123	116	87	24
Weekend 	1968	Godard, Jean-Luc 	0	0	0	0	FRA 	68	23	52	23	42	49	98	212
Werther 	1938	Ophuls, Max 	17.5	19	0	0	FRA 	0	10	34	43	72	91	180	71
West of Zanzibar 	1928	Browning, Tod 	4	0	0	2	USA 	160	15	51	64	121	89	76	21
What's-His-Name 	1914	DeMille, Cecil B. 	24	10	11	6	USA 	47	34	0	3	28	170	265	0
While the City Sleeps 	1956	Lang, Fritz 	11	0	0	0	USA 	0	28	78	137	106	82	61	7
Whispering Chorus, The 	1918	De Mille, Cecil B. 	9.5	0	0	11	USA 	99	42	13	31	84	234	95	2
Why Change Your Wife? 	1920	DeMille, Cecil B. 	9	19	21	14	USA 	101	40	20	61	152	165	60	2
Winning of Barbara Worth, The 	1926	King, Henry 	5	0	0	4	USA 	184	3	59	76	78	49	135	100
Winter Kills 	1979	William Richert 	6.1	63	7	6	USA 		60	145	86	56	61	71	20
Wise Blood 	1979	John Huston 	9.8	65	13	6	USA 		44	176	85	67	58	60	9
Without Limit 	1921	Baker, George D. 	6.8	12	7	4	USA 	151	18	78	85	49	110	160	0
Woman Eternal, The 	1918	Ince, Ralph 	7	0	0	2	USA 	115	3	11	40	104	101	211	29
Woman God Forgot, The 	1917	De Mille, Cecil B. 	10	0	0	2	USA 	84	6	22	15	42	154	238	23
Woman in the Window, The 	1945	Lang, Fritz 	11.5	0	0	0	USA 	0	17	62	94	139	82	101	5
Wonderful Story, The 	1923	Cutts, Graham 	6	15	0	0	BRI 	93	22	66	60	88	122	128	9
Wrong Man, The 	1957	Hitchcock, Alfred 	7.5	52	22	8	USA 	0	31	127	150	75	63	51	4
Wuthering Heights 	1939	Wyler, William 	10.8	36	3	4	USA 		16	89	62	77	80	171	5
Yoshiwara 	1937	Ophuls, Max 	9	31	0	0	FRA 	0	28	34	80	87	80	133	56
You and Me 	1938	Lang, Fritz 	7.5	0	0	0	USA 	0	20	75	110	115	94	73	12
You Only Live Once 	1937	Lang, Fritz 	8	0	0	0	USA 	0	46	78	72	121	112	68	2
Young and Innocent 	1938	Hitchcock, Alfred 	6.5	24	12	8	BRI 	0	27	96	124	75	67	95	16
Young Mr. Lincoln 	1939	Ford, John 	11	0	0	0	USA 	0	8	20	70	95	121	145	42
Ziel in den Wolken 	1938	Liebeneiner, Wolfgang 	7.7	52	11	9	GER 	0	7	66	117	104	99	66	40
Zur Chronik von Grieshuus 	1925	Gerlach, Arthur von 	8	14	0	0	GER 	95	0	7	27	74	123	243	26
Zweimal gelebt 	1912	Mack. Max 	27	0	0	0	GER 	17	0	0	0	0	83	396	21
